keyframe,time_s,shot_name,target_lon,target_lat,target_x_3857,target_y_3857,camera_distance_m,pitch_deg,heading_deg,duration_hint_s,visible_focus,narration,label
K0,0,全域开场,120.6451683,31.2533762,13430158.697,3665698.773,2600,48,315,3,底座、水系、全部里程碑光柱,宝带桥社区的时间叙事从水网和古桥展开。,K0 0s 全域开场
K1,3,古桥起点,120.6536904,31.2566100,13431107.378,3666119.870,900,42,300,3,宝带桥、816/1831/1872/2014光柱,宝带桥奠定社区最核心的历史地标。,K1 3s 古桥起点
K2,6,基层治理与农业,120.6444783,31.2503652,13430081.891,3665306.694,1150,44,330,3,1949、1956、1962节点,解放、通电和农业示范把地方社会推向新的治理与生产阶段。,K2 6s 基层治理与农业
K3,9,开发区建设,120.6470388,31.2608361,13430366.925,3666670.211,1500,40,20,4,1992道路桥梁、宝尹花园、钱家新村,1992年后，空间开发、道路桥梁和旧村改造加速展开。,K3 9s 开发区建设
K4,13,轨交接入,120.6481527,31.2498725,13430490.924,3665242.539,900,42,350,3,宝带桥南站、2011节点,轨交宝带桥南站改变社区出行和空间组织。,K4 13s 轨交接入
K5,16,澹台湖文旅更新,120.6499934,31.2556431,13430695.829,3665993.960,1200,38,280,2,澹台湖、2016景区一期节点,古桥、运河与湖景被组织为新的公共景观空间。,K5 16s 澹台湖文旅更新
K6,20,文化展示收束,120.6484138,31.2536539,13430519.989,3665734.930,1050,40,305,4,吴文化博物馆、2020核心展示园节点,社区南堍成为吴地文化展示和大运河文旅叙事节点。,K6 20s 文化展示收束
